{
    "$schema": "https://schema.management.azure.com/schemas/2015-01-01/deploymentParameters.json#",
    "contentVersion": "1.0.0.0",
    "parameters": {
        "databaseAccounts_bl18_name": {
            "value": null
        },
        "databaseAccounts_bl18graph_name": {
            "value": null
        },
        "databaseAccounts_bl18mongo_name": {
            "value": null
        },
        "sites_bl18wu_name": {
            "value": null
        },
        "sites_bl18ne_name": {
            "value": null
        },
        "sites_bl18mongo_name": {
            "value": null
        },
        "serverfarms_WesUS_name": {
            "value": null
        },
        "components_bl18wu_name": {
            "value": null
        },
        "components_bl18ne_name": {
            "value": null
        },
        "serverfarms_NorthEurope_name": {
            "value": null
        },
        "config_web_name": {
            "value": null
        },
        "config_web_name_1": {
            "value": null
        },
        "components_bl18mongo_name": {
            "value": null
        },
        "config_web_name_2": {
            "value": null
        },
        "databaseAccounts_bl18_name_1": {
            "value": null
        },
        "storageAccounts_bl18blob_name": {
            "value": null
        },
        "databaseAccounts_bl18graph_name_1": {
            "value": null
        },
        "databaseAccounts_bl18mongo_name_1": {
            "value": null
        },
        "hostNameBindings_bl18wu.azurewebsites.net_name": {
            "value": null
        },
        "hostNameBindings_bl18ne.azurewebsites.net_name": {
            "value": null
        },
        "hostNameBindings_bl18mongo.azurewebsites.net_name": {
            "value": null
        }
    }
}