{
    "$schema": "https://schema.management.azure.com/schemas/2015-01-01/deploymentTemplate.json#",
    "contentVersion": "1.0.0.0",
    "parameters": {
        "databaseAccounts_bl18_name": {
            "defaultValue": null,
            "type": "SecureString"
        },
        "databaseAccounts_bl18graph_name": {
            "defaultValue": null,
            "type": "SecureString"
        },
        "databaseAccounts_bl18mongo_name": {
            "defaultValue": null,
            "type": "SecureString"
        },
        "sites_bl18wu_name": {
            "defaultValue": "bl18wu",
            "type": "String"
        },
        "sites_bl18ne_name": {
            "defaultValue": "bl18ne",
            "type": "String"
        },
        "sites_bl18mongo_name": {
            "defaultValue": "bl18mongo",
            "type": "String"
        },
        "serverfarms_WesUS_name": {
            "defaultValue": "WesUS",
            "type": "String"
        },
        "components_bl18wu_name": {
            "defaultValue": "bl18wu",
            "type": "String"
        },
        "components_bl18ne_name": {
            "defaultValue": "bl18ne",
            "type": "String"
        },
        "serverfarms_NorthEurope_name": {
            "defaultValue": "NorthEurope",
            "type": "String"
        },
        "config_web_name": {
            "defaultValue": "web",
            "type": "String"
        },
        "config_web_name_1": {
            "defaultValue": "web",
            "type": "String"
        },
        "components_bl18mongo_name": {
            "defaultValue": "bl18mongo",
            "type": "String"
        },
        "config_web_name_2": {
            "defaultValue": "web",
            "type": "String"
        },
        "databaseAccounts_bl18_name_1": {
            "defaultValue": "bl18",
            "type": "String"
        },
        "storageAccounts_bl18blob_name": {
            "defaultValue": "bl18blob",
            "type": "String"
        },
        "databaseAccounts_bl18graph_name_1": {
            "defaultValue": "bl18graph",
            "type": "String"
        },
        "databaseAccounts_bl18mongo_name_1": {
            "defaultValue": "bl18mongo",
            "type": "String"
        },
        "hostNameBindings_bl18wu.azurewebsites.net_name": {
            "defaultValue": "bl18wu.azurewebsites.net",
            "type": "String"
        },
        "hostNameBindings_bl18ne.azurewebsites.net_name": {
            "defaultValue": "bl18ne.azurewebsites.net",
            "type": "String"
        },
        "hostNameBindings_bl18mongo.azurewebsites.net_name": {
            "defaultValue": "bl18mongo.azurewebsites.net",
            "type": "String"
        }
    },
    "variables": {},
    "resources": [
        {
            "comments": "Generalized from resource: '/subscriptions/230a28f7-f0d1-43f6-928b-bb80d751f7b5/resourceGroups/bl18/providers/Microsoft.DocumentDB/databaseAccounts/bl18'.",
            "type": "Microsoft.DocumentDB/databaseAccounts",
            "kind": "GlobalDocumentDB",
            "name": "[parameters('databaseAccounts_bl18_name_1')]",
            "apiVersion": "2015-04-08",
            "location": "North Europe",
            "tags": {
                "defaultExperience": "DocumentDB"
            },
            "scale": null,
            "properties": {
                "databaseAccountOfferType": "Standard",
                "consistencyPolicy": {
                    "defaultConsistencyLevel": "Session",
                    "maxIntervalInSeconds": 5,
                    "maxStalenessPrefix": 100
                },
                "name": "[parameters('databaseAccounts_bl18_name')]"
            },
            "dependsOn": []
        },
        {
            "comments": "Generalized from resource: '/subscriptions/230a28f7-f0d1-43f6-928b-bb80d751f7b5/resourceGroups/bl18/providers/Microsoft.DocumentDB/databaseAccounts/bl18graph'.",
            "type": "Microsoft.DocumentDB/databaseAccounts",
            "kind": "GlobalDocumentDB",
            "name": "[parameters('databaseAccounts_bl18graph_name_1')]",
            "apiVersion": "2015-04-08",
            "location": "North Europe",
            "tags": {
                "defaultExperience": "Graph"
            },
            "scale": null,
            "properties": {
                "databaseAccountOfferType": "Standard",
                "consistencyPolicy": {
                    "defaultConsistencyLevel": "Session",
                    "maxIntervalInSeconds": 5,
                    "maxStalenessPrefix": 100
                },
                "name": "[parameters('databaseAccounts_bl18graph_name')]"
            },
            "dependsOn": []
        },
        {
            "comments": "Generalized from resource: '/subscriptions/230a28f7-f0d1-43f6-928b-bb80d751f7b5/resourceGroups/bl18/providers/Microsoft.DocumentDB/databaseAccounts/bl18mongo'.",
            "type": "Microsoft.DocumentDB/databaseAccounts",
            "kind": "MongoDB",
            "name": "[parameters('databaseAccounts_bl18mongo_name_1')]",
            "apiVersion": "2015-04-08",
            "location": "North Europe",
            "tags": {
                "defaultExperience": "MongoDB"
            },
            "scale": null,
            "properties": {
                "databaseAccountOfferType": "Standard",
                "consistencyPolicy": {
                    "defaultConsistencyLevel": "Session",
                    "maxIntervalInSeconds": 5,
                    "maxStalenessPrefix": 100
                },
                "name": "[parameters('databaseAccounts_bl18mongo_name')]"
            },
            "dependsOn": []
        },
        {
            "comments": "Generalized from resource: '/subscriptions/230a28f7-f0d1-43f6-928b-bb80d751f7b5/resourceGroups/bl18/providers/microsoft.insights/components/bl18mongo'.",
            "type": "microsoft.insights/components",
            "kind": "web",
            "name": "[parameters('components_bl18mongo_name')]",
            "apiVersion": "2015-05-01",
            "location": "westeurope",
            "tags": {
                "hidden-link:/subscriptions/230a28f7-f0d1-43f6-928b-bb80d751f7b5/resourceGroups/bl18/providers/Microsoft.Web/sites/bl18mongo": "Resource"
            },
            "scale": null,
            "properties": {
                "Application_Type": "web",
                "Flow_Type": null,
                "Request_Source": "IbizaWebAppExtensionCreate",
                "HockeyAppId": null,
                "SamplingPercentage": null
            },
            "dependsOn": []
        },
        {
            "comments": "Generalized from resource: '/subscriptions/230a28f7-f0d1-43f6-928b-bb80d751f7b5/resourceGroups/bl18/providers/microsoft.insights/components/bl18wu'.",
            "type": "microsoft.insights/components",
            "kind": "web",
            "name": "[parameters('components_bl18wu_name')]",
            "apiVersion": "2015-05-01",
            "location": "southcentralus",
            "tags": {
                "hidden-link:/subscriptions/230a28f7-f0d1-43f6-928b-bb80d751f7b5/resourceGroups/bl18/providers/Microsoft.Web/sites/bl18wu": "Resource"
            },
            "scale": null,
            "properties": {
                "Application_Type": "web",
                "Flow_Type": null,
                "Request_Source": "IbizaWebAppExtensionCreate",
                "HockeyAppId": null,
                "SamplingPercentage": null
            },
            "dependsOn": []
        },
        {
            "comments": "Generalized from resource: '/subscriptions/230a28f7-f0d1-43f6-928b-bb80d751f7b5/resourceGroups/bl18/providers/microsoft.insights/components/bl18ne'.",
            "type": "microsoft.insights/components",
            "kind": "web",
            "name": "[parameters('components_bl18ne_name')]",
            "apiVersion": "2015-05-01",
            "location": "northeurope",
            "tags": {
                "hidden-link:/subscriptions/230a28f7-f0d1-43f6-928b-bb80d751f7b5/resourceGroups/bl18/providers/Microsoft.Web/sites/bl18ne": "Resource"
            },
            "scale": null,
            "properties": {
                "Application_Type": "web",
                "Flow_Type": null,
                "Request_Source": "IbizaWebAppExtensionCreate",
                "HockeyAppId": null,
                "SamplingPercentage": null
            },
            "dependsOn": []
        },
        {
            "comments": "Generalized from resource: '/subscriptions/230a28f7-f0d1-43f6-928b-bb80d751f7b5/resourceGroups/bl18/providers/Microsoft.Storage/storageAccounts/bl18blob'.",
            "type": "Microsoft.Storage/storageAccounts",
            "sku": {
                "name": "Standard_LRS",
                "tier": "Standard"
            },
            "kind": "BlobStorage",
            "name": "[parameters('storageAccounts_bl18blob_name')]",
            "apiVersion": "2017-10-01",
            "location": "northeurope",
            "tags": {},
            "scale": null,
            "properties": {
                "networkAcls": {
                    "bypass": "AzureServices",
                    "virtualNetworkRules": [],
                    "ipRules": [],
                    "defaultAction": "Allow"
                },
                "supportsHttpsTrafficOnly": false,
                "encryption": {
                    "services": {
                        "file": {
                            "enabled": true
                        },
                        "blob": {
                            "enabled": true
                        }
                    },
                    "keySource": "Microsoft.Storage"
                },
                "accessTier": "Cool"
            },
            "dependsOn": []
        },
        {
            "comments": "Generalized from resource: '/subscriptions/230a28f7-f0d1-43f6-928b-bb80d751f7b5/resourceGroups/bl18/providers/Microsoft.Web/serverfarms/NorthEurope'.",
            "type": "Microsoft.Web/serverfarms",
            "sku": {
                "name": "F1",
                "tier": "Free",
                "size": "F1",
                "family": "F",
                "capacity": 0
            },
            "kind": "app",
            "name": "[parameters('serverfarms_NorthEurope_name')]",
            "apiVersion": "2016-09-01",
            "location": "North Europe",
            "scale": null,
            "properties": {
                "name": "[parameters('serverfarms_NorthEurope_name')]",
                "workerTierName": null,
                "adminSiteName": null,
                "hostingEnvironmentProfile": null,
                "perSiteScaling": false,
                "reserved": false,
                "targetWorkerCount": 0,
                "targetWorkerSizeId": 0
            },
            "dependsOn": []
        },
        {
            "comments": "Generalized from resource: '/subscriptions/230a28f7-f0d1-43f6-928b-bb80d751f7b5/resourceGroups/bl18/providers/Microsoft.Web/serverfarms/WesUS'.",
            "type": "Microsoft.Web/serverfarms",
            "sku": {
                "name": "F1",
                "tier": "Free",
                "size": "F1",
                "family": "F",
                "capacity": 0
            },
            "kind": "app",
            "name": "[parameters('serverfarms_WesUS_name')]",
            "apiVersion": "2016-09-01",
            "location": "West US",
            "scale": null,
            "properties": {
                "name": "[parameters('serverfarms_WesUS_name')]",
                "workerTierName": null,
                "adminSiteName": null,
                "hostingEnvironmentProfile": null,
                "perSiteScaling": false,
                "reserved": false,
                "targetWorkerCount": 0,
                "targetWorkerSizeId": 0
            },
            "dependsOn": []
        },
        {
            "comments": "Generalized from resource: '/subscriptions/230a28f7-f0d1-43f6-928b-bb80d751f7b5/resourceGroups/bl18/providers/Microsoft.Web/sites/bl18wu'.",
            "type": "Microsoft.Web/sites",
            "kind": "app",
            "name": "[parameters('sites_bl18wu_name')]",
            "apiVersion": "2016-08-01",
            "location": "West US",
            "tags": {
                "hidden-related:/subscriptions/230a28f7-f0d1-43f6-928b-bb80d751f7b5/resourcegroups/bl18/providers/Microsoft.Web/serverfarms/WesUS": "empty"
            },
            "scale": null,
            "properties": {
                "enabled": true,
                "hostNameSslStates": [
                    {
                        "name": "[concat(parameters('sites_bl18wu_name'),'.azurewebsites.net')]",
                        "sslState": "Disabled",
                        "virtualIP": null,
                        "thumbprint": null,
                        "toUpdate": null,
                        "hostType": "Standard"
                    },
                    {
                        "name": "[concat(parameters('sites_bl18wu_name'),'.scm.azurewebsites.net')]",
                        "sslState": "Disabled",
                        "virtualIP": null,
                        "thumbprint": null,
                        "toUpdate": null,
                        "hostType": "Repository"
                    }
                ],
                "serverFarmId": "[resourceId('Microsoft.Web/serverfarms', parameters('serverfarms_WesUS_name'))]",
                "reserved": false,
                "siteConfig": null,
                "scmSiteAlsoStopped": false,
                "hostingEnvironmentProfile": null,
                "clientAffinityEnabled": true,
                "clientCertEnabled": false,
                "hostNamesDisabled": false,
                "containerSize": 0,
                "dailyMemoryTimeQuota": 0,
                "cloningInfo": null
            },
            "dependsOn": [
                "[resourceId('Microsoft.Web/serverfarms', parameters('serverfarms_WesUS_name'))]"
            ]
        },
        {
            "comments": "Generalized from resource: '/subscriptions/230a28f7-f0d1-43f6-928b-bb80d751f7b5/resourceGroups/bl18/providers/Microsoft.Web/sites/bl18ne'.",
            "type": "Microsoft.Web/sites",
            "kind": "app",
            "name": "[parameters('sites_bl18ne_name')]",
            "apiVersion": "2016-08-01",
            "location": "North Europe",
            "tags": {
                "hidden-related:/subscriptions/230a28f7-f0d1-43f6-928b-bb80d751f7b5/resourcegroups/bl18/providers/Microsoft.Web/serverfarms/NorthEurope": "empty"
            },
            "scale": null,
            "properties": {
                "enabled": true,
                "hostNameSslStates": [
                    {
                        "name": "[concat(parameters('sites_bl18ne_name'),'.azurewebsites.net')]",
                        "sslState": "Disabled",
                        "virtualIP": null,
                        "thumbprint": null,
                        "toUpdate": null,
                        "hostType": "Standard"
                    },
                    {
                        "name": "[concat(parameters('sites_bl18ne_name'),'.scm.azurewebsites.net')]",
                        "sslState": "Disabled",
                        "virtualIP": null,
                        "thumbprint": null,
                        "toUpdate": null,
                        "hostType": "Repository"
                    }
                ],
                "serverFarmId": "[resourceId('Microsoft.Web/serverfarms', parameters('serverfarms_NorthEurope_name'))]",
                "reserved": false,
                "siteConfig": null,
                "scmSiteAlsoStopped": false,
                "hostingEnvironmentProfile": null,
                "clientAffinityEnabled": true,
                "clientCertEnabled": false,
                "hostNamesDisabled": false,
                "containerSize": 0,
                "dailyMemoryTimeQuota": 0,
                "cloningInfo": null
            },
            "dependsOn": [
                "[resourceId('Microsoft.Web/serverfarms', parameters('serverfarms_NorthEurope_name'))]"
            ]
        },
        {
            "comments": "Generalized from resource: '/subscriptions/230a28f7-f0d1-43f6-928b-bb80d751f7b5/resourceGroups/bl18/providers/Microsoft.Web/sites/bl18mongo'.",
            "type": "Microsoft.Web/sites",
            "kind": "app",
            "name": "[parameters('sites_bl18mongo_name')]",
            "apiVersion": "2016-08-01",
            "location": "North Europe",
            "tags": {
                "hidden-related:/subscriptions/230a28f7-f0d1-43f6-928b-bb80d751f7b5/resourcegroups/bl18/providers/Microsoft.Web/serverfarms/NorthEurope": "empty"
            },
            "scale": null,
            "properties": {
                "enabled": true,
                "hostNameSslStates": [
                    {
                        "name": "[concat(parameters('sites_bl18mongo_name'),'.azurewebsites.net')]",
                        "sslState": "Disabled",
                        "virtualIP": null,
                        "thumbprint": null,
                        "toUpdate": null,
                        "hostType": "Standard"
                    },
                    {
                        "name": "[concat(parameters('sites_bl18mongo_name'),'.scm.azurewebsites.net')]",
                        "sslState": "Disabled",
                        "virtualIP": null,
                        "thumbprint": null,
                        "toUpdate": null,
                        "hostType": "Repository"
                    }
                ],
                "serverFarmId": "[resourceId('Microsoft.Web/serverfarms', parameters('serverfarms_NorthEurope_name'))]",
                "reserved": false,
                "siteConfig": null,
                "scmSiteAlsoStopped": false,
                "hostingEnvironmentProfile": null,
                "clientAffinityEnabled": true,
                "clientCertEnabled": false,
                "hostNamesDisabled": false,
                "containerSize": 0,
                "dailyMemoryTimeQuota": 0,
                "cloningInfo": null
            },
            "dependsOn": [
                "[resourceId('Microsoft.Web/serverfarms', parameters('serverfarms_NorthEurope_name'))]"
            ]
        },
        {
            "comments": "Generalized from resource: '/subscriptions/230a28f7-f0d1-43f6-928b-bb80d751f7b5/resourceGroups/bl18/providers/Microsoft.Web/sites/bl18wu/config/web'.",
            "type": "Microsoft.Web/sites/config",
            "name": "[concat(parameters('sites_bl18wu_name'), '/', parameters('config_web_name'))]",
            "apiVersion": "2016-08-01",
            "location": "West US",
            "tags": {
                "hidden-related:/subscriptions/230a28f7-f0d1-43f6-928b-bb80d751f7b5/resourcegroups/bl18/providers/Microsoft.Web/serverfarms/WesUS": "empty"
            },
            "scale": null,
            "properties": {
                "numberOfWorkers": 1,
                "defaultDocuments": [
                    "Default.htm",
                    "Default.html",
                    "Default.asp",
                    "index.htm",
                    "index.html",
                    "iisstart.htm",
                    "default.aspx",
                    "index.php",
                    "hostingstart.html"
                ],
                "netFrameworkVersion": "v4.0",
                "phpVersion": "5.6",
                "pythonVersion": "",
                "nodeVersion": "",
                "linuxFxVersion": "",
                "windowsFxVersion": null,
                "requestTracingEnabled": false,
                "remoteDebuggingEnabled": false,
                "remoteDebuggingVersion": null,
                "httpLoggingEnabled": false,
                "logsDirectorySizeLimit": 35,
                "detailedErrorLoggingEnabled": false,
                "publishingUsername": "$bl18wu",
                "publishingPassword": null,
                "appSettings": null,
                "metadata": null,
                "connectionStrings": null,
                "machineKey": null,
                "handlerMappings": null,
                "documentRoot": null,
                "scmType": "None",
                "use32BitWorkerProcess": true,
                "webSocketsEnabled": false,
                "alwaysOn": false,
                "javaVersion": null,
                "javaContainer": null,
                "javaContainerVersion": null,
                "appCommandLine": "",
                "managedPipelineMode": "Integrated",
                "virtualApplications": [
                    {
                        "virtualPath": "/",
                        "physicalPath": "site\\wwwroot",
                        "preloadEnabled": false,
                        "virtualDirectories": null
                    }
                ],
                "winAuthAdminState": 0,
                "winAuthTenantState": 0,
                "customAppPoolIdentityAdminState": false,
                "customAppPoolIdentityTenantState": false,
                "runtimeADUser": null,
                "runtimeADUserPassword": null,
                "loadBalancing": "LeastRequests",
                "routingRules": [],
                "experiments": {
                    "rampUpRules": []
                },
                "limits": null,
                "autoHealEnabled": false,
                "autoHealRules": null,
                "tracingOptions": null,
                "vnetName": "",
                "siteAuthEnabled": false,
                "siteAuthSettings": {
                    "enabled": null,
                    "unauthenticatedClientAction": null,
                    "tokenStoreEnabled": null,
                    "allowedExternalRedirectUrls": null,
                    "defaultProvider": null,
                    "clientId": null,
                    "clientSecret": null,
                    "issuer": null,
                    "allowedAudiences": null,
                    "additionalLoginParams": null,
                    "isAadAutoProvisioned": false,
                    "googleClientId": null,
                    "googleClientSecret": null,
                    "googleOAuthScopes": null,
                    "facebookAppId": null,
                    "facebookAppSecret": null,
                    "facebookOAuthScopes": null,
                    "twitterConsumerKey": null,
                    "twitterConsumerSecret": null,
                    "microsoftAccountClientId": null,
                    "microsoftAccountClientSecret": null,
                    "microsoftAccountOAuthScopes": null
                },
                "cors": null,
                "push": null,
                "apiDefinition": null,
                "autoSwapSlotName": null,
                "localMySqlEnabled": false,
                "managedServiceIdentityId": null,
                "xManagedServiceIdentityId": null,
                "ipSecurityRestrictions": null,
                "http20Enabled": false,
                "minTlsVersion": "1.0",
                "ftpsState": "AllAllowed"
            },
            "dependsOn": [
                "[resourceId('Microsoft.Web/sites', parameters('sites_bl18wu_name'))]"
            ]
        },
        {
            "comments": "Generalized from resource: '/subscriptions/230a28f7-f0d1-43f6-928b-bb80d751f7b5/resourceGroups/bl18/providers/Microsoft.Web/sites/bl18wu/hostNameBindings/bl18wu.azurewebsites.net'.",
            "type": "Microsoft.Web/sites/hostNameBindings",
            "name": "[concat(parameters('sites_bl18wu_name'), '/', parameters('hostNameBindings_bl18wu.azurewebsites.net_name'))]",
            "apiVersion": "2016-08-01",
            "location": "West US",
            "scale": null,
            "properties": {
                "siteName": "bl18wu",
                "domainId": null,
                "hostNameType": "Verified"
            },
            "dependsOn": [
                "[resourceId('Microsoft.Web/sites', parameters('sites_bl18wu_name'))]"
            ]
        },
        {
            "comments": "Generalized from resource: '/subscriptions/230a28f7-f0d1-43f6-928b-bb80d751f7b5/resourceGroups/bl18/providers/Microsoft.Web/sites/bl18ne/config/web'.",
            "type": "Microsoft.Web/sites/config",
            "name": "[concat(parameters('sites_bl18ne_name'), '/', parameters('config_web_name_1'))]",
            "apiVersion": "2016-08-01",
            "location": "North Europe",
            "tags": {
                "hidden-related:/subscriptions/230a28f7-f0d1-43f6-928b-bb80d751f7b5/resourcegroups/bl18/providers/Microsoft.Web/serverfarms/NorthEurope": "empty"
            },
            "scale": null,
            "properties": {
                "numberOfWorkers": 1,
                "defaultDocuments": [
                    "Default.htm",
                    "Default.html",
                    "Default.asp",
                    "index.htm",
                    "index.html",
                    "iisstart.htm",
                    "default.aspx",
                    "index.php",
                    "hostingstart.html"
                ],
                "netFrameworkVersion": "v4.0",
                "phpVersion": "5.6",
                "pythonVersion": "",
                "nodeVersion": "",
                "linuxFxVersion": "",
                "windowsFxVersion": null,
                "requestTracingEnabled": false,
                "remoteDebuggingEnabled": false,
                "remoteDebuggingVersion": null,
                "httpLoggingEnabled": false,
                "logsDirectorySizeLimit": 35,
                "detailedErrorLoggingEnabled": false,
                "publishingUsername": "$bl18ne",
                "publishingPassword": null,
                "appSettings": null,
                "metadata": null,
                "connectionStrings": null,
                "machineKey": null,
                "handlerMappings": null,
                "documentRoot": null,
                "scmType": "None",
                "use32BitWorkerProcess": true,
                "webSocketsEnabled": false,
                "alwaysOn": false,
                "javaVersion": null,
                "javaContainer": null,
                "javaContainerVersion": null,
                "appCommandLine": "",
                "managedPipelineMode": "Integrated",
                "virtualApplications": [
                    {
                        "virtualPath": "/",
                        "physicalPath": "site\\wwwroot",
                        "preloadEnabled": false,
                        "virtualDirectories": null
                    }
                ],
                "winAuthAdminState": 0,
                "winAuthTenantState": 0,
                "customAppPoolIdentityAdminState": false,
                "customAppPoolIdentityTenantState": false,
                "runtimeADUser": null,
                "runtimeADUserPassword": null,
                "loadBalancing": "LeastRequests",
                "routingRules": [],
                "experiments": {
                    "rampUpRules": []
                },
                "limits": null,
                "autoHealEnabled": false,
                "autoHealRules": null,
                "tracingOptions": null,
                "vnetName": "",
                "siteAuthEnabled": false,
                "siteAuthSettings": {
                    "enabled": null,
                    "unauthenticatedClientAction": null,
                    "tokenStoreEnabled": null,
                    "allowedExternalRedirectUrls": null,
                    "defaultProvider": null,
                    "clientId": null,
                    "clientSecret": null,
                    "issuer": null,
                    "allowedAudiences": null,
                    "additionalLoginParams": null,
                    "isAadAutoProvisioned": false,
                    "googleClientId": null,
                    "googleClientSecret": null,
                    "googleOAuthScopes": null,
                    "facebookAppId": null,
                    "facebookAppSecret": null,
                    "facebookOAuthScopes": null,
                    "twitterConsumerKey": null,
                    "twitterConsumerSecret": null,
                    "microsoftAccountClientId": null,
                    "microsoftAccountClientSecret": null,
                    "microsoftAccountOAuthScopes": null
                },
                "cors": null,
                "push": null,
                "apiDefinition": null,
                "autoSwapSlotName": null,
                "localMySqlEnabled": false,
                "managedServiceIdentityId": null,
                "xManagedServiceIdentityId": null,
                "ipSecurityRestrictions": null,
                "http20Enabled": false,
                "minTlsVersion": "1.0",
                "ftpsState": "AllAllowed"
            },
            "dependsOn": [
                "[resourceId('Microsoft.Web/sites', parameters('sites_bl18ne_name'))]"
            ]
        },
        {
            "comments": "Generalized from resource: '/subscriptions/230a28f7-f0d1-43f6-928b-bb80d751f7b5/resourceGroups/bl18/providers/Microsoft.Web/sites/bl18ne/hostNameBindings/bl18ne.azurewebsites.net'.",
            "type": "Microsoft.Web/sites/hostNameBindings",
            "name": "[concat(parameters('sites_bl18ne_name'), '/', parameters('hostNameBindings_bl18ne.azurewebsites.net_name'))]",
            "apiVersion": "2016-08-01",
            "location": "North Europe",
            "scale": null,
            "properties": {
                "siteName": "bl18ne",
                "domainId": null,
                "hostNameType": "Verified"
            },
            "dependsOn": [
                "[resourceId('Microsoft.Web/sites', parameters('sites_bl18ne_name'))]"
            ]
        },
        {
            "comments": "Generalized from resource: '/subscriptions/230a28f7-f0d1-43f6-928b-bb80d751f7b5/resourceGroups/bl18/providers/Microsoft.Web/sites/bl18mongo/config/web'.",
            "type": "Microsoft.Web/sites/config",
            "name": "[concat(parameters('sites_bl18mongo_name'), '/', parameters('config_web_name_2'))]",
            "apiVersion": "2016-08-01",
            "location": "North Europe",
            "tags": {
                "hidden-related:/subscriptions/230a28f7-f0d1-43f6-928b-bb80d751f7b5/resourcegroups/bl18/providers/Microsoft.Web/serverfarms/NorthEurope": "empty"
            },
            "scale": null,
            "properties": {
                "numberOfWorkers": 1,
                "defaultDocuments": [
                    "Default.htm",
                    "Default.html",
                    "Default.asp",
                    "index.htm",
                    "index.html",
                    "iisstart.htm",
                    "default.aspx",
                    "index.php",
                    "hostingstart.html"
                ],
                "netFrameworkVersion": "v4.0",
                "phpVersion": "5.6",
                "pythonVersion": "",
                "nodeVersion": "",
                "linuxFxVersion": "",
                "windowsFxVersion": null,
                "requestTracingEnabled": false,
                "remoteDebuggingEnabled": false,
                "remoteDebuggingVersion": null,
                "httpLoggingEnabled": false,
                "logsDirectorySizeLimit": 35,
                "detailedErrorLoggingEnabled": false,
                "publishingUsername": "$bl18mongo",
                "publishingPassword": null,
                "appSettings": null,
                "metadata": null,
                "connectionStrings": null,
                "machineKey": null,
                "handlerMappings": null,
                "documentRoot": null,
                "scmType": "None",
                "use32BitWorkerProcess": true,
                "webSocketsEnabled": false,
                "alwaysOn": false,
                "javaVersion": null,
                "javaContainer": null,
                "javaContainerVersion": null,
                "appCommandLine": "",
                "managedPipelineMode": "Integrated",
                "virtualApplications": [
                    {
                        "virtualPath": "/",
                        "physicalPath": "site\\wwwroot",
                        "preloadEnabled": false,
                        "virtualDirectories": null
                    }
                ],
                "winAuthAdminState": 0,
                "winAuthTenantState": 0,
                "customAppPoolIdentityAdminState": false,
                "customAppPoolIdentityTenantState": false,
                "runtimeADUser": null,
                "runtimeADUserPassword": null,
                "loadBalancing": "LeastRequests",
                "routingRules": [],
                "experiments": {
                    "rampUpRules": []
                },
                "limits": null,
                "autoHealEnabled": false,
                "autoHealRules": null,
                "tracingOptions": null,
                "vnetName": "",
                "siteAuthEnabled": false,
                "siteAuthSettings": {
                    "enabled": null,
                    "unauthenticatedClientAction": null,
                    "tokenStoreEnabled": null,
                    "allowedExternalRedirectUrls": null,
                    "defaultProvider": null,
                    "clientId": null,
                    "clientSecret": null,
                    "issuer": null,
                    "allowedAudiences": null,
                    "additionalLoginParams": null,
                    "isAadAutoProvisioned": false,
                    "googleClientId": null,
                    "googleClientSecret": null,
                    "googleOAuthScopes": null,
                    "facebookAppId": null,
                    "facebookAppSecret": null,
                    "facebookOAuthScopes": null,
                    "twitterConsumerKey": null,
                    "twitterConsumerSecret": null,
                    "microsoftAccountClientId": null,
                    "microsoftAccountClientSecret": null,
                    "microsoftAccountOAuthScopes": null
                },
                "cors": null,
                "push": null,
                "apiDefinition": null,
                "autoSwapSlotName": null,
                "localMySqlEnabled": false,
                "managedServiceIdentityId": null,
                "xManagedServiceIdentityId": null,
                "ipSecurityRestrictions": null,
                "http20Enabled": false,
                "minTlsVersion": "1.0",
                "ftpsState": "AllAllowed"
            },
            "dependsOn": [
                "[resourceId('Microsoft.Web/sites', parameters('sites_bl18mongo_name'))]"
            ]
        },
        {
            "comments": "Generalized from resource: '/subscriptions/230a28f7-f0d1-43f6-928b-bb80d751f7b5/resourceGroups/bl18/providers/Microsoft.Web/sites/bl18mongo/hostNameBindings/bl18mongo.azurewebsites.net'.",
            "type": "Microsoft.Web/sites/hostNameBindings",
            "name": "[concat(parameters('sites_bl18mongo_name'), '/', parameters('hostNameBindings_bl18mongo.azurewebsites.net_name'))]",
            "apiVersion": "2016-08-01",
            "location": "North Europe",
            "scale": null,
            "properties": {
                "siteName": "bl18mongo",
                "domainId": null,
                "hostNameType": "Verified"
            },
            "dependsOn": [
                "[resourceId('Microsoft.Web/sites', parameters('sites_bl18mongo_name'))]"
            ]
        }
    ]
}